Moment,Season / Month Window,Anchor Date,Ahead Start (12–14 weeks),Ahead End (5 weeks out),Close Start (3 weeks out),Close End
New Year Reset Food,January,2026-01-01,2025-09-25,2025-11-27,2025-12-11,2025-12-31
Super Bowl Food,February,2026-02-08,2025-11-02,2026-01-04,2026-01-18,2026-02-07
Valentine's Desserts,February,2026-02-14,2025-11-08,2026-01-10,2026-01-24,2026-02-13
Comfort Food – Winter Peak,January–February,2026-01-15,2025-10-09,2025-12-11,2025-12-25,2026-01-14
St. Patrick's Day Food,March,2026-03-17,2025-12-09,2026-02-10,2026-02-24,2026-03-16
Easter Food & Brunch,March–April,2026-04-05,2025-12-28,2026-03-01,2026-03-15,2026-04-04
Spring Potluck Season,April–May,2026-04-15,2026-01-07,2026-03-11,2026-03-25,2026-04-14
Graduation Food,May,2026-05-20,2026-02-11,2026-04-15,2026-04-29,2026-05-19
Mother's Day Brunch & Desserts,May,2026-05-10,2026-02-01,2026-04-05,2026-04-19,2026-05-09
No-Bake / Too Hot to Cook,June–August,2026-06-15,2026-03-09,2026-05-11,2026-05-25,2026-06-14
Grilling & BBQ Season,June–July,2026-06-01,2026-02-23,2026-04-27,2026-05-11,2026-05-31
4th of July Food,July,2026-07-04,2026-03-28,2026-05-30,2026-06-13,2026-07-03
Summer Desserts,June–August,2026-07-15,2026-04-08,2026-06-10,2026-06-24,2026-07-14
Back-to-School Easy Dinners,August–September,2026-08-15,2026-05-09,2026-07-11,2026-07-25,2026-08-14
Football Season Food,September–February,2026-09-01,2026-05-26,2026-07-28,2026-08-11,2026-08-31
Bake Sales & Fundraisers,September–October,2026-09-20,2026-06-14,2026-08-16,2026-08-30,2026-09-19
First Cold Snap Comfort Food,September–October,2026-09-25,2026-06-19,2026-08-21,2026-09-04,2026-09-24
Halloween Treats,October,2026-10-31,2026-07-25,2026-09-26,2026-10-10,2026-10-30
Thanksgiving Food,November,2026-11-26,2026-08-20,2026-10-22,2026-11-05,2026-11-25
Friendsgiving,November,2026-11-15,2026-08-09,2026-10-11,2026-10-25,2026-11-14
Christmas Desserts & Party Food,December,2026-12-25,2026-09-18,2026-11-20,2026-12-04,2026-12-24
Holiday Baking Season,December,2026-12-10,2026-09-03,2026-11-05,2026-11-19,2026-12-09
